-- the password hash is generated by BCrypt Calculator Generator(https://www.dailycred.com/article/bcrypt-calculator)
INSERT INTO USERS (id, username, password, first_name, last_name, email, phone_number, enabled, last_password_reset_date,determent) VALUES (1, 'admin', '$2a$04$HbTytGSuObLi0Ut4v1ojjOGS3YyLHSt1B4cZE7161zxwwgTauxE6u', 'admin', 'admin', 'admin@example.com', '+0987654321', true, '2017-10-01 18:57:58.508-07',false);

INSERT INTO USERS (id, username, password, first_name, last_name, email, phone_number, enabled, last_password_reset_date,determent) VALUES (2, 'b.rahmati', '$2a$04$VNrF0E01OSDoI4A2Hmx1fuLW/DldTIOInPOKF4oMVwX6IlZA2bBVW', 'بهروز', 'رحمتی', 'b.rahmati@Dotin.ir', '+1234567890', true, '2019-02-13 21:58:58.508-07',false);
INSERT INTO USERS (id, username, password, first_name, last_name, email, phone_number, enabled, last_password_reset_date,determent) VALUES (3, 'h.razzagh', '$2a$04$C1ux8kIg6.crBsI8igLNWeJxgT2YTNWoiKiwpf.BDm7MdnJA9i1T6', 'حمیدرضا', 'رزاق نوری', 'h.razzagh@Dotin.ir', '+1234567890', true, '2019-02-13 21:58:58.508-07',false);
INSERT INTO USERS (id, username, password, first_name, last_name, email, phone_number, enabled, last_password_reset_date,determent) VALUES (4, 'e.sarlak', '$2a$04$AoWtr0T6LyPRLUMTUFKaF.wm1EuVc6G/9nfto43.bitBu6guBi26q', 'الما', 'سرلک', 'e.sarlak@Dotin.ir', '+1234567890', true, '2019-02-13 21:58:58.508-07',false);
INSERT INTO USERS (id, username, password, first_name, last_name, email, phone_number, enabled, last_password_reset_date,determent) VALUES (5, 'e.ghafouri', '$2a$04$HNp1QLGKRcPwDM6F.eXcK.qOwyD6OyKLp0tQWsCXo2Y60rr8Z/MYG', 'الهام', 'غفوری', 'e.ghafouri@Dotin.ir', '+1234567890', true, '2019-02-13 21:58:58.508-07',false);
INSERT INTO USERS (id, username, password, first_name, last_name, email, phone_number, enabled, last_password_reset_date,determent) VALUES (6, 'sh.zeinalian', '$2a$04$CO3XuPscwQmYlNfJb0LQK.sc6GsNhKIhgpKfVbxIDawnc0pJF5B5u', 'شهرزاد', 'زینلیان‌فرد', 'sh.zeinalian@Dotin.ir', '+1234567890', true, '2019-02-13 21:58:58.508-07',false);
INSERT INTO USERS (id, username, password, first_name, last_name, email, phone_number, enabled, last_password_reset_date,determent) VALUES (7, 'm.kharazi', '$2a$04$LCa.zhbKSEfWiuLbx9enpudBfJ5XWY3Z.SErTJN7xJK5RmXLelrBW', 'مهدی', 'خرازی', 'm.kharazi@Dotin.ir', '+1234567890', true, '2019-02-13 21:58:58.508-07',false);
INSERT INTO USERS (id, username, password, first_name, last_name, email, phone_number, enabled, last_password_reset_date,determent) VALUES (8, 's.azami', '$2a$04$yq5qUy5ado7LgOZ5iFmixesr.ui7I3SjqXzk9LJEgIUeG3q58O0GS', 'سارا', 'اعظمی', 's.azami@Dotin.ir', '+1234567890', true, '2019-02-13 21:58:58.508-07',false);
INSERT INTO USERS (id, username, password, first_name, last_name, email, phone_number, enabled, last_password_reset_date,determent) VALUES (9, 'f.abdollahifard', '$2a$04$YqhkU07BGbd1uFrTm7qVnuWdTK5tq.p3y1fpLi4BAicFzK.2SSbLW', 'فاطمه', 'عبدالهی', 'f.abdollahifard@Dotin.ir', '+1234567890', true, '2019-02-13 21:58:58.508-07',false);
INSERT INTO USERS (id, username, password, first_name, last_name, email, phone_number, enabled, last_password_reset_date,determent) VALUES (10, 'm.dana', '$2a$04$DuHh2w0PRJiqx7Pk/Qj/AurMIxgT6zGawAUufZAVIn5nTt/lSND1e', 'مازیار', 'دانا', 'm.dana@Dotin.ir', '+1234567890', true, '2019-02-13 21:58:58.508-07',false);
INSERT INTO USERS (id, username, password, first_name, last_name, email, phone_number, enabled, last_password_reset_date,determent) VALUES (11, 'n.valinejad', '$2a$04$fYbHbDXq.7FVOvdO8i3r6.1I4WD1bYB96QqMkgnyx.pzrD.KT6ATW', 'نسترن', 'ولی نژاد', 'n.valinejad@Dotin.ir', '+1234567890', true, '2019-02-13 21:58:58.508-07',false);
INSERT INTO USERS (id, username, password, first_name, last_name, email, phone_number, enabled, last_password_reset_date,determent) VALUES (12, 'f.naeimi', '$2a$04$IX7WtzKz.wil9bKp6KfUw.A1E4asDq5T87mbGMMNoTP6VrtLfBl86', 'فاطمه', 'نعیمی', 'f.naeimi@Dotin.ir', '+1234567890', true, '2019-02-13 21:58:58.508-07',false);
INSERT INTO USERS (id, username, password, first_name, last_name, email, phone_number, enabled, last_password_reset_date,determent) VALUES (13, 's.fakhraei', '$2a$04$E8DlTzOaCl5OUAiN0NB6Nu3V7cVTXtpuCVM0DQqBkG6Kc4lvWDzKq', 'سعید', 'فخرائی', 's.fakhraei@Dotin.ir', '+1234567890', true, '2019-02-13 21:58:58.508-07',false);
INSERT INTO USERS (id, username, password, first_name, last_name, email, phone_number, enabled, last_password_reset_date,determent) VALUES (14, 'e.mashhadi', '$2a$04$C0MVOP5YGM5LD/TfDwyOC.Epx8Fcdfbv/VozE28mmSJ6dcMtezhh2', 'الهام', 'مشهدی', 'e.mashhadi@Dotin.ir', '+1234567890', true, '2019-02-13 21:58:58.508-07',false);
INSERT INTO USERS (id, username, password, first_name, last_name, email, phone_number, enabled, last_password_reset_date,determent) VALUES (15, 'm.hashemi', '$2a$04$RGlZboU/V00YWd7bo9Xv2eCbkGt3oek8mH3t7FyA6Ryb/BddM/7he', 'مژگان', 'هاشمی', 'm.hashemi@Dotin.ir', '+1234567890', true, '2019-02-13 21:58:58.508-07',false);
INSERT INTO USERS (id, username, password, first_name, last_name, email, phone_number, enabled, last_password_reset_date,determent) VALUES (16, 'mi.farsiabi', '$2a$04$LBsniej.HKdUpnDNq5De4eTQGwWwcz3hdV98RY.4XwnTT3qdT5jda', 'مینا', 'فرسیابی', 'mi.farsiabi@Dotin.ir', '+1234567890', true, '2019-02-13 21:58:58.508-07',false);
INSERT INTO USERS (id, username, password, first_name, last_name, email, phone_number, enabled, last_password_reset_date,determent) VALUES (17, 'e.moradzadeh', '$2a$04$kvNWZ.vSwSzjkAdPkDKVLettRCavnSqKjUFfekIZr/ImzX/Z6O3d6', 'الهه', 'مرادزاده', 'e.moradzadeh@Dotin.ir', '+1234567890', true, '2019-02-13 21:58:58.508-07',false);
INSERT INTO USERS (id, username, password, first_name, last_name, email, phone_number, enabled, last_password_reset_date,determent) VALUES (18, 'm.mohammadighomi', '$2a$04$Y6NZEqx9MJUKFmcsgCtFR.zVg6mKez5vWk6/zL5neKuAQF2UIz9s.', 'مجید', 'محمدی قمی', 'm.mohammadighomi@Dotin.ir', '+1234567890', true, '2019-02-13 21:58:58.508-07',false);
INSERT INTO USERS (id, username, password, first_name, last_name, email, phone_number, enabled, last_password_reset_date,determent) VALUES (19, 'f.ghanbari', '$2a$04$C6U6xCORfda1ZiVUMoHFseHltDsv501pbjLN565oYVrHXMLfFLR0y', 'فاطمه', 'قنبری عدیوی', 'f.ghanbari@Dotin.ir', '+1234567890', true, '2019-02-13 21:58:58.508-07',false);
INSERT INTO USERS (id, username, password, first_name, last_name, email, phone_number, enabled, last_password_reset_date,determent) VALUES (20, 'm.falahzadeh', '$2a$04$p9J9l1l2aFmsWyECjzXfru1qbYYwHBFlw5L.pCwTZeClrzOIbYhvC', 'مینا', 'فلاح زاده', 'm.falahzadeh@Dotin.ir', '+1234567890', true, '2019-02-13 21:58:58.508-07',false);
INSERT INTO USERS (id, username, password, first_name, last_name, email, phone_number, enabled, last_password_reset_date,determent) VALUES (21, 'm.shabani', '$2a$04$YIYrCYvzeK1E5/tEpjPbWO.3rRCD1UgPuR5qKEwYpeS6SwF3436Hi', 'مرجان', 'شعبانی', 'm.shabani@Dotin.ir', '+1234567890', true, '2019-02-13 21:58:58.508-07',false);
INSERT INTO USERS (id, username, password, first_name, last_name, email, phone_number, enabled, last_password_reset_date,determent) VALUES (22, 'sh.esmaeilitaft', '$2a$04$xCcFrRbdE1zMdxEkyBjD0uXHEEinO3mf7I3DDoau.DNz7Byghixpa', 'شیما', 'اسمعیلی تفت', 'sh.esmaeilitaft@Dotin.ir', '+1234567890', true, '2019-02-13 21:58:58.508-07',false);
INSERT INTO USERS (id, username, password, first_name, last_name, email, phone_number, enabled, last_password_reset_date,determent) VALUES (23, 's.kashanibozorg', '$2a$04$xsb2HVUXTXlN8YTW6TvAg.XJr5YrDVeonQS2DL/jtmTOPqpp24hVq', 'سارا', 'کاشانی', 's.kashanibozorg@Dotin.ir', '+1234567890', true, '2019-02-13 21:58:58.508-07',false);
INSERT INTO USERS (id, username, password, first_name, last_name, email, phone_number, enabled, last_password_reset_date,determent) VALUES (24, 'f.tabatabaee', '$2a$04$6pjESXDDRt2jiDab08djHuMN8RFazTnWOBLnSryeF3PgLPKweOkXu', 'فائزه', 'طباطبایی', 'f.tabatabaee@Dotin.ir', '+1234567890', true, '2019-02-13 21:58:58.508-07',false);
INSERT INTO USERS (id, username, password, first_name, last_name, email, phone_number, enabled, last_password_reset_date,determent) VALUES (25, 'm.shahriary', '$2a$04$xyi77tshpXHaHP.wUKMYSuGQdZRraUf6e6HqKMEK3temTBEDtiBP2', 'مریم', 'شهریاری‌منش', 'm.shahriary@Dotin.ir', '+1234567890', true, '2019-02-13 21:58:58.508-07',false);
INSERT INTO USERS (id, username, password, first_name, last_name, email, phone_number, enabled, last_password_reset_date,determent) VALUES (26, 'r.morovati', '$2a$04$YkxnDRcbUU4pE3Mm5TC43u2sV788QzLEe4w/oX2hZlxrIEnDbpoTm', 'راحله', 'مروتی', 'r.morovati@Dotin.ir', '+1234567890', true, '2019-02-13 21:58:58.508-07',false);
INSERT INTO USERS (id, username, password, first_name, last_name, email, phone_number, enabled, last_password_reset_date,determent) VALUES (27, 'me.jalali', '$2a$04$oEZHmSU.qQV.z20gejeeOewsvs7CJjJXcxIYFt4LKJUK/Gp.v5WBq', 'مهدی', 'جلالی', 'me.jalali@Dotin.ir', '+1234567890', true, '2019-02-13 21:58:58.508-07',false);
INSERT INTO USERS (id, username, password, first_name, last_name, email, phone_number, enabled, last_password_reset_date,determent) VALUES (28, 'f.soleymanijavid', '$2a$04$GfQ5jwYCf4TcdR5dKjqH2.Cdya7vGhfCaGx7iqpwt6RNnvSfQeg9K', 'فاطمه', 'سلیمانی‌ جاوید', 'f.soleymanijavid@Dotin.ir', '+1234567890', true, '2019-02-13 21:58:58.508-07',false);
INSERT INTO USERS (id, username, password, first_name, last_name, email, phone_number, enabled, last_password_reset_date,determent) VALUES (29, 'e.khodadadi', '$2a$04$MsL4p1SYeLhBw3qYRAQrXOV2HX7rWgmW89VhZu/quH5ORJAmjh8Tm', 'احسان', 'خدادای', 'e.khodadadi@Dotin.ir', '+1234567890', true, '2019-02-13 21:58:58.508-07',false);
INSERT INTO USERS (id, username, password, first_name, last_name, email, phone_number, enabled, last_password_reset_date,determent) VALUES (30, 'd.razavi', '$2a$04$kVNnRuINxG2cAXmL/2n/7uhy6KwHc0ztf3Jq/dP4cVKeKfSH9jse.', 'دانش', 'رضوی', 'd.razavi@Dotin.ir', '+1234567890', true, '2019-02-13 21:58:58.508-07',false);
INSERT INTO USERS (id, username, password, first_name, last_name, email, phone_number, enabled, last_password_reset_date,determent) VALUES (31, 'p.afsharpour', '$2a$04$J/NcReZgLQF3LAMzgoODpOv7Dl02R2wtJ/gtjg/1aGFqfoycVn5Xq', 'پریسا', 'افشارپور', 'p.afsharpour@Dotin.ir', '+1234567890', true, '2019-02-13 21:58:58.508-07',false);
INSERT INTO USERS (id, username, password, first_name, last_name, email, phone_number, enabled, last_password_reset_date,determent) VALUES (32, 'a.pirmoradi', '$2a$04$/7gziHiKyrUqccMAKxVaC.SedUlZVW.Ey0Y2q5OXg6GdVWrrNI7EC', 'عباس', 'پیرمرادی', 'a.pirmoradi@Dotin.ir', '+1234567890', true, '2019-02-13 21:58:58.508-07',false);
INSERT INTO USERS (id, username, password, first_name, last_name, email, phone_number, enabled, last_password_reset_date,determent) VALUES (33, 'mi.ranjbari', '$2a$04$gaqglRIpnCoesbjwsfF6vOs/vXEsutKec.s1oHOJRL1xOnOQJkyKu', 'میلاد', 'رنجبری', 'mi.ranjbari@Dotin.ir', '+1234567890', true, '2019-02-13 21:58:58.508-07',false);
INSERT INTO USERS (id, username, password, first_name, last_name, email, phone_number, enabled, last_password_reset_date,determent) VALUES (34, 'h.masbogh', '$2a$04$R44xX3CArKJ2n8qpsCFXe.JE1LgnqOWZFsqoFMWx1IRMX7YWvGzLO', 'حسین', 'مسبوق', 'h.masbogh@Dotin.ir', '+1234567890', true, '2019-02-13 21:58:58.508-07',false);
INSERT INTO USERS (id, username, password, first_name, last_name, email, phone_number, enabled, last_password_reset_date,determent) VALUES (35, 'a.taherian', '$2a$04$kpa02mSyElzfifSdJervVem3apUnpvL3KxGo/RHTFuhEdH2mHOarC', 'آرمان', 'طاهریان', 'a.taherian@Dotin.ir', '+1234567890', true, '2019-02-13 21:58:58.508-07',false);
INSERT INTO USERS (id, username, password, first_name, last_name, email, phone_number, enabled, last_password_reset_date,determent) VALUES (36, 's.shamloo', '$2a$04$U1PgYjsHKKp39mDCsjvsoO5sVUznO0SDa3fS7SHQYC5K4nei1E38W', 'سعید', 'شاملوفرد', 's.shamloo@Dotin.ir', '+1234567890', true, '2019-02-13 21:58:58.508-07',false);
INSERT INTO USERS (id, username, password, first_name, last_name, email, phone_number, enabled, last_password_reset_date,determent) VALUES (37, 'y.gorgij', '$2a$04$ZlkavBZiAi5RGTM23xbwQOdu04AaT5J7QJjCj9z3fpESVC3vr.t0a', 'یاسین', 'گرگیج', 'y.gorgij@Dotin.ir', '+1234567890', true, '2019-02-13 21:58:58.508-07',false);
INSERT INTO USERS (id, username, password, first_name, last_name, email, phone_number, enabled, last_password_reset_date,determent) VALUES (38, 'm.zoghi', '$2a$04$FYdhhRM5LSEEB3Qad1DnxOOhGQ4hsHh.m433.7kw07PxTp8VvABZa', 'محمد', 'ذوقی شال', 'm.zoghi@Dotin.ir', '+1234567890', true, '2019-02-13 21:58:58.508-07',false);
INSERT INTO USERS (id, username, password, first_name, last_name, email, phone_number, enabled, last_password_reset_date,determent) VALUES (39, 'm.akbarian', '$2a$04$0LFJYSkZEZW.Z.h4Bzt8veozzWO8ZXWrbuiyHbAK5j1w17G0D5jS.', 'مهسا', 'اکبریان', 'm.akbarian@Dotin.ir', '+1234567890', true, '2019-02-13 21:58:58.508-07',false);
INSERT INTO USERS (id, username, password, first_name, last_name, email, phone_number, enabled, last_password_reset_date,determent) VALUES (40, 'm.shiraj', '$2a$04$9MUAN0lh5Biy3CY85uu2O.A.gV.T0igwRnPcepfO5V5LfZyJorC3u', 'مهدیه', 'شیرج', 'm.shiraj@Dotin.ir', '+1234567890', true, '2019-02-13 21:58:58.508-07',false);
INSERT INTO USERS (id, username, password, first_name, last_name, email, phone_number, enabled, last_password_reset_date,determent) VALUES (42, 'sa.farsi', '$2a$04$f1AHugnI1LUaP1/S1uMeb.dSDTy9BvYcbGY4MPgl1sbCPAkyjkpHG', 'سمانه', 'فارسی', 'sa.farsi@Dotin.ir', '+1234567890', true, '2019-02-13 21:58:58.508-07',false);
INSERT INTO USERS (id, username, password, first_name, last_name, email, phone_number, enabled, last_password_reset_date,determent) VALUES (43, 'm.pahlevanzadeh', '$2a$04$.dp/SQQ01ewIssoZN5HVze3k826U0NEqLn8O2XYTAdZWoEPuh6fPG', 'میترا', 'پهلوان زاده', 'm.pahlevanzadeh@Dotin.ir', '+1234567890', true, '2019-02-13 21:58:58.508-07',false);
INSERT INTO USERS (id, username, password, first_name, last_name, email, phone_number, enabled, last_password_reset_date,determent) VALUES (44, 'o.motaharifar', '$2a$04$ksf..B7Uc9D12g2bW3s21eYttIoHht9GPgXgbUyMDhh542Z89Ax72', 'امید', 'مطهری فر', 'o.motaharifar@Dotin.ir', '+1234567890', true, '2019-02-13 21:58:58.508-07',false);
INSERT INTO USERS (id, username, password, first_name, last_name, email, phone_number, enabled, last_password_reset_date,determent) VALUES (45, 'm.taagholi', '$2a$04$bXTny6vE7pyShgReDzOHDu3unT7GZ9TJpunUGSPnxl547NocLp.qS', 'مهرداد', 'تعقلی', 'm.taagholi@Dotin.ir', '+1234567890', true, '2019-02-13 21:58:58.508-07',false);
INSERT INTO USERS (id, username, password, first_name, last_name, email, phone_number, enabled, last_password_reset_date,determent) VALUES (46, 's.panahi', '$2a$04$Khvqn0EMkW6NodGQGhgwCuknXz6w05KopMU9ChvsuLHKhrNrhejP.', 'ساجده', 'پناهی', 's.panahi@Dotin.ir', '+1234567890', true, '2019-02-13 21:58:58.508-07',false);
INSERT INTO USERS (id, username, password, first_name, last_name, email, phone_number, enabled, last_password_reset_date,determent) VALUES (47, 'f.riazi', '$2a$04$5/PnhFrRA0347idbUpv93umnYRRA1yOJa2XLp6ZKHKmtB1m3vV7Sy', 'فائزه', 'ریاضی راد', 'f.riazi@Dotin.ir', '+1234567890', true, '2019-02-13 21:58:58.508-07',false);
INSERT INTO USERS (id, username, password, first_name, last_name, email, phone_number, enabled, last_password_reset_date,determent) VALUES (48, 's.haratian', '$2a$04$guLoHPZa.RwcNwPqXka82.iNAN0DSlEhwMOOdxcMimw19oCIe.foe', 'سمیرا', 'هراتیان', 's.haratian@Dotin.ir', '+1234567890', true, '2019-02-13 21:58:58.508-07',false);
INSERT INTO USERS (id, username, password, first_name, last_name, email, phone_number, enabled, last_password_reset_date,determent) VALUES (49, 'a.hasanzadeh', '$2a$04$hN8h8V9h3GVlaUHf34yxTOO4aPf5LrwYhZUMSCWDrl9Oc9vQHuNaO', 'عاطفه', 'حسن زاده', 'a.hasanzadeh@Dotin.ir', '+1234567890', true, '2019-02-13 21:58:58.508-07',false);
INSERT INTO USERS (id, username, password, first_name, last_name, email, phone_number, enabled, last_password_reset_date,determent) VALUES (50, 'm.ghalambor', '$2a$04$tijI.Zf/iQgLtE.HupcpAuEhOs5KsRNR8qpsg4MPyXkkoa.ReyJ/e', 'مائده', 'قلمبر', 'm.ghalambor@Dotin.ir', '+1234567890', true, '2019-02-13 21:58:58.508-07',false);
INSERT INTO USERS (id, username, password, first_name, last_name, email, phone_number, enabled, last_password_reset_date,determent) VALUES (51, 'n.eghbali', '$2a$04$vbZowUL2YTCGseL9MoWu4eqjegMWJXWqdCbMmaJodKN7hZUWpUH0C', 'نیلوفر', 'اقبالی ', 'n.eghbali@Dotin.ir', '+1234567890', true, '2019-02-13 21:58:58.508-07',false);
INSERT INTO USERS (id, username, password, first_name, last_name, email, phone_number, enabled, last_password_reset_date,determent) VALUES (52, 'f.ghafari', '$2a$04$g5u4h1izrdHyHUDPm9QFwuQ.nlOwGjzNM5zYgFbvO/nTK7JQhs67O', 'فرشته', 'غفاری', 'f.ghafari@Dotin.ir', '+1234567890', true, '2019-02-13 21:58:58.508-07',false);
INSERT INTO USERS (id, username, password, first_name, last_name, email, phone_number, enabled, last_password_reset_date,determent) VALUES (53, 'n.jalaly', '$2a$04$49ah5WdomzAPIxvXBwNKte.XWzdpEFsOEkhGMMLlbwPeYqpBi0MV.', 'ناهید', 'جلالی', 'n.jalaly@Dotin.ir', '+1234567890', true, '2019-02-13 21:58:58.508-07',false);
INSERT INTO USERS (id, username, password, first_name, last_name, email, phone_number, enabled, last_password_reset_date,determent) VALUES (54, 's.rezaie', '$2a$04$T74OveHc3N21FTSZO8AbmO9yd703kZLsjBH1YXGFwftpM5orL3US.', 'سمیرا', 'رضایی', 's.rezaie@Dotin.ir', '+1234567890', true, '2019-02-13 21:58:58.508-07',false);
INSERT INTO USERS (id, username, password, first_name, last_name, email, phone_number, enabled, last_password_reset_date,determent) VALUES (55, 'a.afsharpad', '$2a$04$q/7NoPQZ98KJfYcktf/7NuAYn9l4SW1aAlczZeZOYeh3T0SwUc7i2', 'آناهیتا', 'افشارپاد', 'a.afsharpad@Dotin.ir', '+1234567890', true, '2019-02-13 21:58:58.508-07',false);
INSERT INTO USERS (id, username, password, first_name, last_name, email, phone_number, enabled, last_password_reset_date,determent) VALUES (56, 'm.sadeghi', '$2a$04$XCZd9sVjsn80fuKydRfQSOCo8JHk257x.vTMxPy1CC.fAxyYlupwi', 'منصوره', 'صادقی', 'm.sadeghi@Dotin.ir', '+1234567890', true, '2019-02-13 21:58:58.508-07',false);
INSERT INTO USERS (id, username, password, first_name, last_name, email, phone_number, enabled, last_password_reset_date,determent) VALUES (57, 'a.khalili', '$2a$04$FZ6RkXYZnLoJLHkZYiclpeQnBPqwZM/J42BhGeF1dtfaONIxylmTO', 'عارفه', 'خلیلی', 'a.khalili@Dotin.ir', '+1234567890', true, '2019-02-13 21:58:58.508-07',false);
INSERT INTO USERS (id, username, password, first_name, last_name, email, phone_number, enabled, last_password_reset_date,determent) VALUES (58, 'f.mahdavi', '$2a$04$3kM.gvSLvj12KR.2lEU3W.LNa0p7ISsqUrn9iD0SRGoMhPe5DBfL6', 'فاطمه', 'مهدوی آذر', 'f.mahdavi@Dotin.ir', '+1234567890', true, '2019-02-13 21:58:58.508-07',false);
INSERT INTO USERS (id, username, password, first_name, last_name, email, phone_number, enabled, last_password_reset_date,determent) VALUES (59, 's.rezavandi', '$2a$04$bX0uNN9vklGAC2shCE.BDeEPUfeFy9kDx7qKIAOwc8.AxvqvvtCO2', 'سوما', 'رضاوندی', 's.rezavandi@Dotin.ir', '+1234567890', true, '2019-02-13 21:58:58.508-07',false);
INSERT INTO USERS (id, username, password, first_name, last_name, email, phone_number, enabled, last_password_reset_date,determent) VALUES (60, 'f.heidari', '$2a$04$359lE1nIhhI3qwc0cW2mtOn/oRfApwsI9yFSS0u9Sw.NQvOWlJvaS', 'فاطمه', 'حیدری', 'f.heidari@Dotin.ir', '+1234567890', true, '2019-02-13 21:58:58.508-07',false);
INSERT INTO USERS (id, username, password, first_name, last_name, email, phone_number, enabled, last_password_reset_date,determent) VALUES (61, 'f.gerami', '$2a$04$Do7z45WjF6I3rpHCLxPhN.LYhfHleNgRtX3bg3WuDIXi3pxVfzz8m', 'فرهاد', 'گرامی', 'f.gerami@Dotin.ir', '+1234567890', true, '2019-02-13 21:58:58.508-07',false);
INSERT INTO USERS (id, username, password, first_name, last_name, email, phone_number, enabled, last_password_reset_date,determent) VALUES (62, 'e.vedadi', '$2a$04$1KsoADz03CX.KeaK7WflSu6YtdJa8l9i28W4Gs7JyzT0rZUfDEGu6', 'الناز', 'ودادی', 'e.vedadi@Dotin.ir', '+1234567890', true, '2019-02-13 21:58:58.508-07',false);
INSERT INTO USERS (id, username, password, first_name, last_name, email, phone_number, enabled, last_password_reset_date,determent) VALUES (63, 'h.khosravi', '$2a$04$bXyt/oWTpjVPP6GDXxmHpeBfae8AVREn69XAj8.TP8Pkw.tnyT3Be', 'هدیه', 'خسروی', 'h.khosravi@Dotin.ir', '+1234567890', true, '2019-02-13 21:58:58.508-07',false);
INSERT INTO USERS (id, username, password, first_name, last_name, email, phone_number, enabled, last_password_reset_date,determent) VALUES (64, 'a.hadizadeh', '$2a$04$krTbmeVFBcrlHm89vvRequEyiwjCwFJeb4ci2WCGDGWFy8Kvdabua', 'آنیتا', 'هادی زاده', 'a.hadizadeh@Dotin.ir', '+1234567890', true, '2019-02-13 21:58:58.508-07',false);
INSERT INTO USERS (id, username, password, first_name, last_name, email, phone_number, enabled, last_password_reset_date,determent) VALUES (65, 'n.khalili', '$2a$04$NWoPol39.nxF9uQR8EVBP.zXZL5gYDZB5p1IINuLp7B/ufT.iEzTa', 'نیلوفر', 'خلیلی', 'n.khalili@Dotin.ir', '+1234567890', true, '2019-02-13 21:58:58.508-07',false);
INSERT INTO USERS (id, username, password, first_name, last_name, email, phone_number, enabled, last_password_reset_date,determent) VALUES (66, 'a.ashrafi', '$2a$04$2KRb5C4XvEx8ehKGUiPoq.KyLWxlntnctvGCCZxTdAQGNxCmOhM0W', 'ازاده', 'اشرفی', 'a.ashrafi@Dotin.ir', '+1234567890', true, '2019-02-13 21:58:58.508-07',false);
INSERT INTO USERS (id, username, password, first_name, last_name, email, phone_number, enabled, last_password_reset_date,determent) VALUES (67, 'm.khojasteh', '$2a$04$NHto4T4cNz4FfByrZWGQDuLy.ARvtwiimeTrsf23HJQdZN0V8Oase', 'مارال', 'خجسته', 'm.khojasteh@Dotin.ir', '+1234567890', true, '2019-02-13 21:58:58.508-07',false);
INSERT INTO USERS (id, username, password, first_name, last_name, email, phone_number, enabled, last_password_reset_date,determent) VALUES (68, 's.talebzadeh', '$2a$04$vEf7VW9qyE9WO3SLctgUbevZqZvVd8jh/qr4NBhmisYTVTxj04a62', 'شیوا', 'طالب زاده', 's.talebzadeh@Dotin.ir', '+1234567890', true, '2019-02-13 21:58:58.508-07',false);
INSERT INTO USERS (id, username, password, first_name, last_name, email, phone_number, enabled, last_password_reset_date,determent) VALUES (69, 'b.saffarian', '$2a$04$R3VshCvmMxLOyy2MgYkV6.KcaipmWcfrq7hGQ2YqUlXffpSjhyd26', 'زهره', 'صفاریان', 'b.saffarian@Dotin.ir', '+1234567890', true, '2019-02-13 21:58:58.508-07',false);
INSERT INTO USERS (id, username, password, first_name, last_name, email, phone_number, enabled, last_password_reset_date,determent) VALUES (70, 'mi.fallahzadeh', '$2a$04$DjWBt1lo81yXsCNY5vHJXO0E/Eg43b5n0Tz44e0cPvh.8UgWt0wh2', 'میترا', 'فلاح زاده', 'mi.fallahzadeh@Dotin.ir', '+1234567890', true, '2019-02-13 21:58:58.508-07',false);
INSERT INTO USERS (id, username, password, first_name, last_name, email, phone_number, enabled, last_password_reset_date,determent) VALUES (71, 's.sheikhipoor', '$2a$04$VybKCmLd5iIcnOhTA.r1ROduIFx9ES2RTjEWGWGK/oDzRACCgKPNy', 'سمیرا', 'شیخی پور', 's.sheikhipoor@Dotin.ir', '+1234567890', true, '2019-02-13 21:58:58.508-07',false);
INSERT INTO USERS (id, username, password, first_name, last_name, email, phone_number, enabled, last_password_reset_date,determent) VALUES (72, 'a.asadian', '$2a$04$YY147Ag5fZZU8TcMnvUD0uy3APgLB6gWGnkGunyZytEufCEjEJmFC', 'امیرحسن', 'اسدیان', 'a.asadian@Dotin.ir', '+1234567890', true, '2019-02-13 21:58:58.508-07',false);
INSERT INTO USERS (id, username, password, first_name, last_name, email, phone_number, enabled, last_password_reset_date,determent) VALUES (73, 's.shamsi', '$2a$04$DSXhyE9lUWUAV39CCwYNR.xZfuy7k3EporQDPmIkpJxGtYbfur81C', 'سینا', 'شمسی', 's.shamsi@Dotin.ir', '+1234567890', true, '2019-02-13 21:58:58.508-07',false);
INSERT INTO USERS (id, username, password, first_name, last_name, email, phone_number, enabled, last_password_reset_date,determent) VALUES (74, 'a.taherkhani', '$2a$04$Xn2AOpf9cYyzjFX33Gf3duIVL0f/V3ijLe0SPpfP5M87N9vQstktC', 'امیر', 'طاهرخانی', 'a.taherkhani@Dotin.ir', '+1234567890', true, '2019-02-13 21:58:58.508-07',false);
INSERT INTO USERS (id, username, password, first_name, last_name, email, phone_number, enabled, last_password_reset_date,determent) VALUES (75, 'gh.jahandoust', '$2a$04$8ES7LBOb8rUgs/XyTTihOu2oihUJDZOq5yz0rIw4541MZ8MMkmFAe', 'غزاله', 'جهاندوست', 'gh.jahandoust@Dotin.ir', '+1234567890', true, '2019-02-13 21:58:58.508-07',false);
INSERT INTO USERS (id, username, password, first_name, last_name, email, phone_number, enabled, last_password_reset_date,determent) VALUES (76, 'e.shafizade', '$2a$04$eFOWlyG8DDLJOE2NB.Z0ROUTBAoyG4u0avT2HuBrn3ZgmY7Bhlj9e', 'الناز', 'شفیع زاده', 'e.shafizade@Dotin.ir', '+1234567890', true, '2019-02-13 21:58:58.508-07',false);
INSERT INTO USERS (id, username, password, first_name, last_name, email, phone_number, enabled, last_password_reset_date,determent) VALUES (77, 'el.khodabandeh', '$2a$04$rgnJicBjr8R4MVF.2VxKBeI1ybnVPcDWgBEiOmXSjk8F3eTiEP5AW', 'الهام', 'خدابنده لو', 'el.khodabandeh@Dotin.ir', '+1234567890', true, '2019-02-13 21:58:58.508-07',false);


INSERT INTO AUTHORITY (id, name) VALUES (1, 'ROLE_USER');
INSERT INTO AUTHORITY (id, name) VALUES (2, 'ROLE_ADMIN');

INSERT INTO USER_AUTHORITY (user_id, authority_id) VALUES (1, 1);
INSERT INTO USER_AUTHORITY (user_id, authority_id) VALUES (1, 2);

INSERT INTO USER_AUTHORITY (user_id, authority_id) VALUES (2, 1);
INSERT INTO USER_AUTHORITY (user_id, authority_id) VALUES (3, 1);
INSERT INTO USER_AUTHORITY (user_id, authority_id) VALUES (4, 1);
INSERT INTO USER_AUTHORITY (user_id, authority_id) VALUES (5, 1);
INSERT INTO USER_AUTHORITY (user_id, authority_id) VALUES (6, 1);
INSERT INTO USER_AUTHORITY (user_id, authority_id) VALUES (7, 1);
INSERT INTO USER_AUTHORITY (user_id, authority_id) VALUES (8, 1);
INSERT INTO USER_AUTHORITY (user_id, authority_id) VALUES (9, 1);
INSERT INTO USER_AUTHORITY (user_id, authority_id) VALUES (10, 1);
INSERT INTO USER_AUTHORITY (user_id, authority_id) VALUES (11, 1);
INSERT INTO USER_AUTHORITY (user_id, authority_id) VALUES (12, 1);
INSERT INTO USER_AUTHORITY (user_id, authority_id) VALUES (13, 1);
INSERT INTO USER_AUTHORITY (user_id, authority_id) VALUES (14, 1);
INSERT INTO USER_AUTHORITY (user_id, authority_id) VALUES (15, 1);
INSERT INTO USER_AUTHORITY (user_id, authority_id) VALUES (16, 1);
INSERT INTO USER_AUTHORITY (user_id, authority_id) VALUES (17, 1);
INSERT INTO USER_AUTHORITY (user_id, authority_id) VALUES (18, 1);
INSERT INTO USER_AUTHORITY (user_id, authority_id) VALUES (19, 1);
INSERT INTO USER_AUTHORITY (user_id, authority_id) VALUES (20, 1);
INSERT INTO USER_AUTHORITY (user_id, authority_id) VALUES (21, 1);
INSERT INTO USER_AUTHORITY (user_id, authority_id) VALUES (22, 1);
INSERT INTO USER_AUTHORITY (user_id, authority_id) VALUES (23, 1);
INSERT INTO USER_AUTHORITY (user_id, authority_id) VALUES (24, 1);
INSERT INTO USER_AUTHORITY (user_id, authority_id) VALUES (25, 1);
INSERT INTO USER_AUTHORITY (user_id, authority_id) VALUES (26, 1);
INSERT INTO USER_AUTHORITY (user_id, authority_id) VALUES (27, 1);
INSERT INTO USER_AUTHORITY (user_id, authority_id) VALUES (28, 1);
INSERT INTO USER_AUTHORITY (user_id, authority_id) VALUES (29, 1);
INSERT INTO USER_AUTHORITY (user_id, authority_id) VALUES (30, 1);
INSERT INTO USER_AUTHORITY (user_id, authority_id) VALUES (31, 1);
INSERT INTO USER_AUTHORITY (user_id, authority_id) VALUES (32, 1);
INSERT INTO USER_AUTHORITY (user_id, authority_id) VALUES (33, 1);
INSERT INTO USER_AUTHORITY (user_id, authority_id) VALUES (34, 1);
INSERT INTO USER_AUTHORITY (user_id, authority_id) VALUES (35, 1);
INSERT INTO USER_AUTHORITY (user_id, authority_id) VALUES (36, 1);
INSERT INTO USER_AUTHORITY (user_id, authority_id) VALUES (37, 1);
INSERT INTO USER_AUTHORITY (user_id, authority_id) VALUES (38, 1);
INSERT INTO USER_AUTHORITY (user_id, authority_id) VALUES (39, 1);
INSERT INTO USER_AUTHORITY (user_id, authority_id) VALUES (40, 1);
INSERT INTO USER_AUTHORITY (user_id, authority_id) VALUES (41, 1);
INSERT INTO USER_AUTHORITY (user_id, authority_id) VALUES (42, 1);
INSERT INTO USER_AUTHORITY (user_id, authority_id) VALUES (43, 1);
INSERT INTO USER_AUTHORITY (user_id, authority_id) VALUES (44, 1);
INSERT INTO USER_AUTHORITY (user_id, authority_id) VALUES (45, 1);
INSERT INTO USER_AUTHORITY (user_id, authority_id) VALUES (46, 1);
INSERT INTO USER_AUTHORITY (user_id, authority_id) VALUES (47, 1);
INSERT INTO USER_AUTHORITY (user_id, authority_id) VALUES (48, 1);
INSERT INTO USER_AUTHORITY (user_id, authority_id) VALUES (49, 1);
INSERT INTO USER_AUTHORITY (user_id, authority_id) VALUES (50, 1);
INSERT INTO USER_AUTHORITY (user_id, authority_id) VALUES (51, 1);
INSERT INTO USER_AUTHORITY (user_id, authority_id) VALUES (52, 1);
INSERT INTO USER_AUTHORITY (user_id, authority_id) VALUES (53, 1);
INSERT INTO USER_AUTHORITY (user_id, authority_id) VALUES (54, 1);
INSERT INTO USER_AUTHORITY (user_id, authority_id) VALUES (55, 1);
INSERT INTO USER_AUTHORITY (user_id, authority_id) VALUES (56, 1);
INSERT INTO USER_AUTHORITY (user_id, authority_id) VALUES (57, 1);
INSERT INTO USER_AUTHORITY (user_id, authority_id) VALUES (58, 1);
INSERT INTO USER_AUTHORITY (user_id, authority_id) VALUES (59, 1);
INSERT INTO USER_AUTHORITY (user_id, authority_id) VALUES (60, 1);
INSERT INTO USER_AUTHORITY (user_id, authority_id) VALUES (61, 1);
INSERT INTO USER_AUTHORITY (user_id, authority_id) VALUES (62, 1);
INSERT INTO USER_AUTHORITY (user_id, authority_id) VALUES (63, 1);
INSERT INTO USER_AUTHORITY (user_id, authority_id) VALUES (64, 1);
INSERT INTO USER_AUTHORITY (user_id, authority_id) VALUES (65, 1);
INSERT INTO USER_AUTHORITY (user_id, authority_id) VALUES (66, 1);
INSERT INTO USER_AUTHORITY (user_id, authority_id) VALUES (67, 1);
INSERT INTO USER_AUTHORITY (user_id, authority_id) VALUES (68, 1);
INSERT INTO USER_AUTHORITY (user_id, authority_id) VALUES (69, 1);
INSERT INTO USER_AUTHORITY (user_id, authority_id) VALUES (70, 1);
INSERT INTO USER_AUTHORITY (user_id, authority_id) VALUES (71, 1);
INSERT INTO USER_AUTHORITY (user_id, authority_id) VALUES (72, 1);
INSERT INTO USER_AUTHORITY (user_id, authority_id) VALUES (73, 1);
INSERT INTO USER_AUTHORITY (user_id, authority_id) VALUES (74, 1);
INSERT INTO USER_AUTHORITY (user_id, authority_id) VALUES (75, 1);
INSERT INTO USER_AUTHORITY (user_id, authority_id) VALUES (76, 1);
INSERT INTO USER_AUTHORITY (user_id, authority_id) VALUES (77, 1);
